facility_id|facility_name|facility_location|facility_phone|facility_email|facility_supervisor
16251212 5770|elementum sem, vitae|529-353 Diam. Rd.|1-387-793-9147|Nunc.lectus.pede@miacmattis.ca|Todd Mcintyre
16171016 9937|sit amet orci.|Ap #247-3624 A, Street|1-687-222-9981|arcu.Aliquam@ornareFusce.co.uk|Maite Livingston
16370211 0499|elit fermentum risus,|P.O. Box 193, 2069 Nibh St.|1-668-474-1187|Quisque.purus.sapien@velitSedmalesuada.net|Kendall Sampson
16860222 6444|Sed auctor odio|915-3490 Faucibus Avenue|1-231-232-1459|Cras@Cumsociisnatoque.net|Hamilton Norris
16250904 5809|erat. Sed nunc|8205 Nibh Ave|1-892-159-4212|elementum.at.egestas@tellussem.co.uk|Amal Valentine
16421227 3801|consequat, lectus sit|492-8664 Mattis Rd.|1-423-587-9616|nibh@Donec.org|Ora Slater
16430821 8405|mus. Aenean eget|Ap #473-6847 Tellus Av.|1-691-182-6842|semper.auctor.Mauris@luctus.ca|Lacota Hess
16600901 7408|non, lobortis quis,|P.O. Box 686, 6533 Aliquet Road|1-990-196-6864|Aliquam.tincidunt.nunc@ut.edu|Thane Swanson
16130729 8263|tellus faucibus leo,|P.O. Box 849, 5105 Eu Rd.|1-543-672-8887|eget.lacus@dictumultriciesligula.org|Keefe Cochran
16070723 5495|interdum enim non|P.O. Box 424, 2494 Amet Ave|1-310-613-8111|vel@dictum.co.uk|Ulric Harrington
16900403 8981|sed dictum eleifend,|P.O. Box 870, 7003 Lectus Av.|1-282-619-0254|Nullam.suscipit.est@feugiat.co.uk|Risa Steele
16331119 1740|consequat, lectus sit|811-9625 Augue Av.|1-777-461-0962|ipsum.primis@volutpatNulladignissim.net|Buffy Davidson
16280627 7089|Integer sem elit,|P.O. Box 586, 1881 Donec Road|1-832-132-2893|nibh@habitantmorbitristique.com|Audra Schultz
16200922 1827|Nunc ac sem|Ap #655-1195 Amet Ave|1-198-945-8771|adipiscing@quam.com|Igor Lawrence
16210909 4827|Aenean egestas hendrerit|613-9553 Amet Rd.|1-703-110-8699|eu.ultrices.sit@odioEtiamligula.org|Drew Perry
16520217 6441|ante blandit viverra.|1562 Nulla Rd.|1-660-965-1464|congue@orciluctus.net|Emerald Case
16320214 1481|orci. Ut sagittis|1285 Diam. Rd.|1-853-534-8364|cursus.et.magna@elementumloremut.co.uk|Brody Buchanan
16421214 2048|scelerisque mollis. Phasellus|Ap #588-1686 Iaculis Rd.|1-132-904-7953|montes@enimSednulla.co.uk|Orli Camacho
16350510 5670|aliquet magna a|9947 Dictum Rd.|1-768-907-5653|enim@enimmitempor.com|Megan Hatfield
16870319 3931|neque sed dictum|670-9433 Tristique Rd.|1-208-453-2083|Maecenas@rutrumurnanec.edu|Daryl Duran
16631025 2322|feugiat placerat velit.|6879 Libero Street|1-771-428-2757|In@hendrerit.ca|Marcia May
16561123 2199|adipiscing non, luctus|P.O. Box 479, 7721 Eu Rd.|1-386-435-7151|enim.non.nisi@eratSed.edu|Paul Wells
16060529 3141|fringilla cursus purus.|P.O. Box 151, 5366 Ante Avenue|1-128-578-7861|iaculis.odio.Nam@quis.co.uk|Serina Burton
16621122 5377|magna sed dui.|Ap #542-3597 Vulputate Street|1-532-108-7858|cursus.Integer.mollis@Inornaresagittis.org|Wade Mcdonald
16720116 9856|in sodales elit|523-9798 Amet, Ave|1-260-427-6316|libero.Morbi@porttitor.net|Branden Webb
16890625 8630|Cras eget nisi|518-3149 Dolor. St.|1-874-590-9558|erat.eget.ipsum@tempor.net|Katelyn Bentley
16160127 0752|non, sollicitudin a,|P.O. Box 189, 9833 Sit Rd.|1-857-286-4397|elit.a.feugiat@ligulatortordictum.com|Jaquelyn Wolf
16981021 1103|auctor. Mauris vel|350-2264 Sociis Rd.|1-219-750-9068|sociis.natoque@luctus.ca|Macon Blankenship
16131108 0194|Proin velit. Sed|535-1563 Morbi St.|1-585-267-1426|libero@orcitincidunt.com|Micah Bond
16760202 7539|egestas ligula. Nullam|3210 Est Street|1-870-240-2142|Nullam.lobortis@antelectusconvallis.edu|Brennan Rios
16000712 5149|lacus pede sagittis|P.O. Box 819, 4388 Eget St.|1-526-630-2705|non.massa@ipsumDonec.edu|Octavius Osborne
16760615 4230|neque sed dictum|2038 Eu, Rd.|1-755-353-0316|feugiat@venenatisvelfaucibus.com|Brielle Alford
16350210 8719|aliquam adipiscing lacus.|1919 Accumsan Avenue|1-187-596-2809|eros.turpis@vellectusCum.org|Taylor Nielsen
16810922 0437|Duis ac arcu.|693-4199 Enim Rd.|1-448-335-5655|Donec.tempus.lorem@liberoettristique.com|Whilemina Cantrell
16201107 2853|tincidunt tempus risus.|345-2174 Libero. Rd.|1-846-384-6003|malesuada.vel.venenatis@Quisque.net|Declan Ellis
16230326 0547|tempor diam dictum|2942 Volutpat. Av.|1-857-877-1866|at.velit@natoquepenatibus.co.uk|Guinevere Hamilton
16870725 5223|Vivamus molestie dapibus|P.O. Box 516, 5345 Ridiculus Avenue|1-967-664-6238|eu@natoquepenatibus.ca|Angela Mcleod
16551230 3644|Donec elementum, lorem|546-7849 Magna, Av.|1-313-299-8882|nulla.magna.malesuada@urnaVivamus.net|Ciara Casey
16981127 6352|pharetra. Nam ac|933-7394 Proin Av.|1-466-173-5060|Mauris.magna.Duis@Donecestmauris.edu|Catherine Mosley
16470825 4513|pellentesque massa lobortis|9330 Tempus Street|1-436-137-3882|ut@Duisvolutpat.co.uk|Raphael Fernandez
16521009 5393|magnis dis parturient|P.O. Box 609, 6631 Cras Avenue|1-888-926-2929|erat.vel.pede@fringillaornare.co.uk|Wing Conner
16591015 4425|ornare sagittis felis.|2432 Nonummy Rd.|1-870-134-2189|in@elementum.net|Shafira Torres
16180215 1090|rutrum non, hendrerit|392-2106 Dui Rd.|1-745-430-1311|et.risus.Quisque@nibhlaciniaorci.org|Charlotte Mclaughlin
16960414 2894|Ut nec urna|4463 Sollicitudin Rd.|1-763-680-8837|libero@tristiquealiquet.edu|Sylvester Carson
16840601 1836|nec tempus scelerisque,|P.O. Box 429, 5274 Egestas St.|1-323-755-6097|Fusce.feugiat@odio.org|Channing Cross
16450309 3256|mi fringilla mi|637-6431 Ante, Road|1-356-596-9983|diam.luctus@arcu.org|Phelan Alvarado
16791014 7649|luctus aliquet odio.|564-8189 Dignissim Av.|1-688-296-1911|sit.amet@augueporttitor.ca|Noah Pacheco
16170416 1833|rutrum, justo. Praesent|611-3458 Ante. St.|1-147-407-1392|sagittis.semper.Nam@adipiscing.org|Gay Hurst
16500920 0295|Pellentesque ultricies dignissim|6209 Etiam St.|1-817-779-0367|eu.augue@luctuset.co.uk|Ferris Mcmillan
16601220 8622|eu turpis. Nulla|321-1927 In Ave|1-256-197-2336|cursus@auctor.net|Nita Fitzgerald
16540125 5699|ornare, lectus ante|6408 Eleifend, St.|1-773-151-4315|et@nequeNullamut.ca|Caleb Whitley
16090615 0487|venenatis vel, faucibus|2641 Penatibus Rd.|1-139-208-5525|ipsum@tempor.net|Rahim Stephenson
16250320 9971|ut aliquam iaculis,|P.O. Box 195, 1515 Curabitur Road|1-130-506-4305|neque@dictummagnaUt.org|Kevin Collier
16460618 9076|orci. Phasellus dapibus|Ap #281-4474 Dolor Av.|1-191-881-7121|a.neque@montes.net|Reese Underwood
16851019 5384|aliquet. Proin velit.|410-3789 Quis Road|1-998-555-5184|sit.amet.luctus@eleifendnunc.net|Susan Gould
16011203 0580|quam a felis|P.O. Box 570, 8320 Aliquam St.|1-885-417-2290|odio@montes.ca|Gisela Brady
16700211 2097|aliquam eros turpis|Ap #529-8172 Interdum. Av.|1-835-234-1923|Donec.dignissim.magna@Curabiturutodio.org|Diana Roberts
16410718 2778|vitae, erat. Vivamus|P.O. Box 118, 4337 Mattis St.|1-618-403-7927|ultricies.adipiscing@pretiumnequeMorbi.net|Imogene Walter
16980724 0362|pellentesque a, facilisis|Ap #305-5097 Lacus. Rd.|1-452-524-3286|fermentum.metus@augue.co.uk|Shay Petty
16180607 2839|erat semper rutrum.|P.O. Box 946, 9790 Dui, Rd.|1-522-288-4873|sociis@nonsollicitudin.ca|Iliana Barker
16300601 4991|felis. Donec tempor,|Ap #326-447 Integer Av.|1-654-838-7906|scelerisque.lorem@imperdietnon.com|Evelyn Gonzales
16450820 1136|imperdiet ullamcorper. Duis|3727 Risus Av.|1-229-782-8263|magna.et.ipsum@arcu.edu|Olympia Reyes
16370703 1278|Maecenas libero est,|Ap #254-2217 Eleifend. Rd.|1-179-212-6565|congue.elit.sed@ligula.co.uk|Alden Mcpherson
16480701 4081|tellus justo sit|226-237 Tellus St.|1-701-480-7813|magna.sed.dui@Maurismolestie.ca|Jason Livingston
16850123 8672|eu augue porttitor|7846 Urna. Street|1-230-101-2379|lectus@blanditatnisi.edu|Jamalia Page
16700605 4642|dui quis accumsan|Ap #103-7508 In Rd.|1-633-764-4856|Fusce.aliquam@malesuadavel.edu|Iola Spence
16681107 2609|mollis. Phasellus libero|Ap #219-6435 Curabitur Road|1-702-391-6592|sed.pede@Integeraliquamadipiscing.net|Jasper Calderon
16960908 9397|non, vestibulum nec,|P.O. Box 127, 3922 Lorem, St.|1-368-162-2576|sit.amet.faucibus@orci.co.uk|Liberty Ramos
16860429 8219|ultricies ornare, elit|952-7031 Justo St.|1-571-989-5402|et.commodo.at@laoreetipsumCurabitur.co.uk|Jorden Kelley
16110904 1168|iaculis quis, pede.|738-6179 Sit Ave|1-174-707-2179|odio.semper@augueac.ca|Dustin Jones
16990227 2492|Integer vulputate, risus|219-1381 Blandit St.|1-312-415-2879|cursus.in@risusquis.org|Zenia Avila
16030606 7968|eu nulla at|P.O. Box 976, 682 Aenean Avenue|1-653-796-3705|elit@velitPellentesqueultricies.com|Gannon Gallagher
16070511 5822|orci lobortis augue|775-890 Egestas Rd.|1-981-437-5916|lectus.Cum@scelerisquesed.ca|Drake Warren
16130117 2811|In tincidunt congue|5034 Sit Rd.|1-190-198-3036|eu.nibh.vulputate@tempusmauriserat.edu|Mallory Peters
16300324 6406|augue scelerisque mollis.|1895 Sapien, Rd.|1-994-658-6285|diam.at@Fuscemi.edu|Kerry Wilcox
16160318 8499|Nam ac nulla.|Ap #573-502 Sed Rd.|1-901-237-8364|lobortis@arcuacorci.com|Ivana Riddle
16490608 0025|Vivamus nisi. Mauris|6652 Augue Av.|1-451-243-5604|eu@nonlacinia.com|Justin Bruce
16180204 2174|auctor ullamcorper, nisl|5503 At Av.|1-130-727-1908|ac.turpis.egestas@penatibus.edu|Lucius Woodard
16500501 7503|ornare lectus justo|Ap #704-5060 Ornare, Av.|1-513-261-6116|sodales@Nullam.net|Sheila Dillon
16281119 1838|vehicula et, rutrum|Ap #688-7717 Aliquam St.|1-774-569-4172|lorem.lorem@arcuvel.edu|Geoffrey Bradford
16991116 5992|lorem vitae odio|P.O. Box 686, 7676 Etiam Rd.|1-933-341-6770|feugiat@congue.ca|Akeem Moody
16630820 6744|rhoncus. Donec est.|811-8660 Gravida. Rd.|1-319-922-0536|pulvinar.arcu@semPellentesque.org|Arthur Lee
16601230 5964|dui, nec tempus|P.O. Box 466, 2516 Nec Avenue|1-700-379-0390|fermentum@imperdietnonvestibulum.edu|Mason Logan
16970201 9259|Quisque porttitor eros|9339 Velit. St.|1-866-733-8343|vehicula@sit.co.uk|Roth Mcclain
16641022 9568|Pellentesque ultricies dignissim|864-4577 Non, St.|1-666-748-9355|placerat.augue.Sed@rutrumFusce.ca|Heather Weiss
16450305 3508|libero at auctor|404 Phasellus Av.|1-899-661-6122|vestibulum.massa@vehiculaPellentesque.co.uk|Preston Jones
16040920 7222|vulputate, risus a|Ap #789-5422 Urna. Av.|1-402-584-0773|a.malesuada@ligulaNullam.ca|Cain Ross
16800417 7542|lectus, a sollicitudin|479-9968 Id Road|1-790-312-2692|commodo.hendrerit@nibhDonec.org|Anne Cooper
16141025 1563|eget ipsum. Suspendisse|5184 Erat Street|1-271-189-8982|tellus@mi.net|Justina Doyle
16110510 9175|in, dolor. Fusce|Ap #350-555 Laoreet, Avenue|1-902-927-0358|odio.semper@cursusnon.edu|Cullen Bass
16780704 7381|Donec tempor, est|596-6065 Sed St.|1-203-745-4608|penatibus@Vivamusrhoncus.net|Shafira Moore
16470807 7955|Sed auctor odio|274-2399 Magna. Road|1-588-997-7315|nibh@sitametultricies.edu|Florence Buck
16801015 9955|Sed nulla ante,|P.O. Box 421, 2855 Integer Road|1-236-513-7599|ipsum@insodaleselit.com|Denise Montoya
16630316 8980|nulla. In tincidunt|P.O. Box 519, 5313 Molestie Road|1-265-102-7327|ac@sit.com|Hedda Hensley
16620120 3624|Quisque varius. Nam|Ap #222-1904 Maecenas Ave|1-966-550-4370|interdum@erateget.com|Hall Hamilton
16970906 7509|sagittis placerat. Cras|Ap #668-9455 Blandit Avenue|1-399-242-8776|quis.urna@enimsitamet.net|Erica Rutledge
16861203 7500|eget varius ultrices,|Ap #627-4040 Erat, Road|1-977-745-5812|sed@nonummy.net|Ima Cameron
16700901 7067|risus. Nulla eget|9425 Nec Avenue|1-575-788-5470|consequat.enim.diam@Aenean.net|Colby Fischer
16511027 4536|neque venenatis lacus.|Ap #163-2823 Sed, Rd.|1-515-591-2828|eros@Suspendisse.edu|Blythe Collier
16340230 9102|libero lacus, varius|6350 Mauris, Rd.|1-949-673-8877|ipsum.nunc.id@Aliquam.co.uk|Kiara Pugh