person_id|person_first_name|person_last_name|person_title|person_phone|person_email|person_location|person_empl_type
16870725 7674|Knox|Snyder|ornare.|1-399-921-8830|Nam.porttitor.scelerisque@metusurnaconvallis.edu|729-5180 Odio. Ave|Curae; Phasellus
16080202 2251|Kay|Dotson|a,|1-971-899-2723|pretium.aliquet.metus@antelectus.com|Ap #201-446 Quisque Road|natoque penatibus
16050407 1887|Echo|Skinner|ac|1-605-269-8123|eu@iaculis.co.uk|Ap #236-2239 Sit Ave|eu enim.
16351213 3327|Caesar|Miranda|venenatis|1-500-958-8669|Etiam.bibendum@odiosempercursus.net|Ap #229-5315 Purus Rd.|cursus vestibulum.
16540428 3813|Lisandra|Mcfarland|enim.|1-947-272-0146|iaculis.nec.eleifend@sit.co.uk|7962 Non Rd.|arcu eu
16990619 4833|Adam|Cunningham|nisl.|1-142-968-7625|justo@Pellentesquehabitantmorbi.edu|Ap #800-2245 Nunc. Rd.|ullamcorper, nisl
16531018 4550|Yen|Harmon|turpis|1-246-504-7935|nisi.magna.sed@molestie.ca|8477 Risus. Rd.|elit fermentum
16190624 0716|Quinn|Russell|et,|1-614-215-2169|eu@ligulaNullam.net|9861 Adipiscing Rd.|vehicula risus.
16090508 9124|Jamal|Rowe|auctor,|1-534-206-1878|fermentum@In.co.uk|P.O. Box 490, 9018 In Street|sit amet
16340103 9643|Dieter|Camacho|eros.|1-992-599-8973|pede.nonummy@gravidaAliquamtincidunt.net|546-5668 Eget Rd.|nec mauris
16230805 9696|Todd|Norman|lobortis|1-936-556-4973|Donec@elitAliquam.edu|Ap #975-4126 Phasellus Street|tempor augue
16180425 1849|Hunter|Moss|risus.|1-557-484-1916|non.nisi.Aenean@nisisem.net|603-901 Vitae, Street|Aenean massa.
16660416 4373|Dennis|Bryant|lectus|1-304-285-6179|Donec.at.arcu@sem.edu|976-5956 Aliquet Rd.|dis parturient
16550419 3433|Arden|Palmer|imperdiet|1-482-848-0670|bibendum.fermentum@Etiamlaoreetlibero.ca|P.O. Box 404, 8269 Consequat Rd.|quis diam
16810614 6734|Kyle|Barber|mollis.|1-883-296-6985|Donec.est.mauris@magnanecquam.org|Ap #201-2133 Nibh. Rd.|malesuada augue
16420710 9390|Rogan|Bolton|scelerisque|1-265-917-2329|egestas@Cum.org|P.O. Box 883, 3081 Vestibulum. Ave|Sed nec
16101126 0633|Harper|Whitehead|Integer|1-490-732-5358|eget@velitQuisquevarius.ca|3625 Faucibus Ave|urna, nec
16680920 3117|Tatyana|Lara|laoreet|1-269-602-7426|ac.arcu@eratsemperrutrum.net|755-9940 Mauris St.|amet, dapibus
16010207 9811|Galvin|Foreman|sit|1-162-311-7993|rhoncus@euaugueporttitor.ca|4854 Vitae Street|tincidunt tempus
16390607 4640|Hiroko|Emerson|ornare|1-902-384-9754|dui@enim.org|9968 Et, Ave|lobortis augue
16191211 1778|Sylvia|Jefferson|eget|1-111-980-6310|egestas.urna.justo@nisi.net|924-1442 Diam Avenue|Quisque ac
16880609 5520|Hadley|Lamb|et|1-129-620-3283|Nulla.tincidunt.neque@tinciduntDonec.ca|7679 Aliquam St.|lacus. Nulla
16370109 5220|Aristotle|Dorsey|eget|1-824-837-6117|dictum.magna.Ut@facilisisSuspendisse.com|P.O. Box 826, 157 Amet Street|velit. Aliquam
16630512 3355|Victoria|Emerson|sed|1-850-628-4410|velit.eu@fringillaDonecfeugiat.edu|485-5970 Euismod Av.|nulla. Cras
16970903 1893|Madeson|Benjamin|et|1-179-242-8457|facilisis.vitae@Quisque.net|8918 Ultricies Road|tempor, est
16980413 6001|Malik|Cooper|consequat|1-999-386-6782|libero@aliquamarcuAliquam.ca|9572 Odio, Rd.|auctor quis,
16880313 7804|Kylan|Bruce|consectetuer|1-762-506-3423|conubia.nostra@NullamenimSed.edu|9591 Nisi Av.|dis parturient
16700701 2979|Stacey|Peterson|erat.|1-852-459-0772|imperdiet@etipsum.net|Ap #148-8937 Imperdiet Street|eu, ultrices
16140321 4727|Ignatius|Sims|Etiam|1-813-302-1037|Curabitur.ut@anteiaculis.co.uk|P.O. Box 657, 3220 Felis. Road|Curae; Donec
16260506 7103|Kimberly|Velasquez|vel,|1-427-735-5009|id.erat@maurissapiencursus.com|Ap #408-8982 Dolor Street|in, cursus
16540917 9974|Denton|Puckett|sit|1-374-672-3494|luctus.ut@vestibulum.edu|P.O. Box 977, 2491 Nunc Street|lacinia mattis.
16451202 4524|Alfonso|Mckee|molestie|1-504-279-4471|velit@in.org|Ap #443-1913 Et, St.|cursus non,
16891224 4848|Nayda|Morton|fermentum|1-394-744-9851|iaculis@euplacerat.ca|Ap #965-2488 Convallis St.|arcu vel
16730512 6901|Theodore|Cannon|eu|1-876-681-9036|iaculis@tellusSuspendisse.com|P.O. Box 854, 4386 Congue. Ave|erat, in
16960722 2214|Ori|Hood|nisi.|1-577-642-9742|cursus.et.magna@purusgravida.org|8192 Morbi Rd.|tortor at
16850605 9594|Ashely|Haynes|et,|1-644-617-8634|sodales@consequatnecmollis.edu|300-5422 Sit St.|aliquet. Phasellus
16290830 7669|Edward|Ruiz|nec|1-147-797-5620|varius.et.euismod@tristiquepharetraQuisque.edu|422-5082 Est Road|varius ultrices,
16270528 8641|Amethyst|Salazar|eget|1-815-758-2815|Proin@aliquamadipiscinglacus.ca|Ap #831-8696 Tempus Street|a, magna.
16020603 3110|Brody|Wiggins|pellentesque|1-572-316-5065|a.felis@anteipsum.org|P.O. Box 802, 242 Et, Avenue|scelerisque dui.
16710704 8527|Imogene|Winters|mi|1-107-649-6496|Etiam@aliquet.net|523-3076 Lectus Rd.|dui augue
16590415 7673|Lyle|Park|in|1-188-890-1238|sed.dictum@temporestac.edu|P.O. Box 395, 5639 Nam St.|in lobortis
16420226 1071|Brenna|Gordon|nulla|1-628-269-5466|eleifend@Loremipsum.co.uk|P.O. Box 581, 9594 Proin Ave|bibendum. Donec
16870114 4381|Timothy|Bullock|ultrices|1-972-990-7337|vel.faucibus.id@lorem.org|P.O. Box 307, 1252 Eu St.|In lorem.
16880130 5163|Tashya|Justice|erat.|1-920-419-5821|mauris@lectussit.org|P.O. Box 323, 3975 Semper Av.|penatibus et
16930718 6917|McKenzie|Shields|Phasellus|1-950-441-6723|neque.pellentesque@Nullamlobortisquam.com|598-7873 Primis Rd.|consequat purus.
16960619 4836|Colt|Jarvis|quam|1-336-276-6076|fringilla.porttitor.vulputate@nunc.com|4739 Nibh. St.|quam. Curabitur
16190228 8313|Mary|Freeman|egestas.|1-444-540-4084|pharetra@enim.net|177-5463 Orci, Street|magna. Duis
16861002 7743|Desirae|Cruz|pede|1-632-851-7626|a@malesuada.ca|Ap #923-6475 Mollis Rd.|sit amet,
16281113 4267|Kaitlin|Holloway|ante|1-836-847-0428|ultricies.sem@enimCurabitur.co.uk|P.O. Box 868, 4829 Viverra. Street|vestibulum. Mauris
16650828 3212|Cameran|Washington|facilisis|1-508-143-0592|facilisis.magna@Utsemper.net|P.O. Box 133, 1171 Sodales. St.|orci, in
16050501 0702|Finn|Wilkins|ac|1-195-380-3437|orci@et.net|Ap #811-7177 Duis Avenue|sodales purus,
16921028 9238|Alan|Garcia|nostra,|1-523-888-3805|dui@urna.org|750 Mollis Ave|augue eu
16711224 6942|Kirsten|May|cursus|1-827-413-4787|risus.Donec.egestas@diam.net|3960 Eu St.|mauris sapien,
16021017 1146|Brittany|Guy|risus.|1-987-526-0961|primis.in@penatibus.co.uk|5845 Lorem. Av.|parturient montes,
16360929 1749|Jolene|Stuart|et|1-949-790-5308|sem@laciniaorciconsectetuer.ca|108 Nec, Ave|felis orci,
16810127 2592|Levi|Zamora|rhoncus.|1-944-356-8492|sapien.Cras.dolor@luctus.net|Ap #384-9060 Varius St.|orci. Donec
16990107 2125|Mona|Perry|Fusce|1-795-652-1795|per.inceptos@sitametante.org|P.O. Box 449, 3355 Lectus Avenue|euismod et,
16270923 7719|Rose|Edwards|erat|1-203-835-5495|purus@rhoncus.edu|938-2009 Orci. Avenue|montes, nascetur
16101029 6539|Cecilia|Baker|sed|1-838-571-3938|at.fringilla.purus@et.org|Ap #490-4852 Lectus. St.|nibh dolor,
16840105 6505|Aspen|Dunn|malesuada|1-141-862-6689|dui@dapibusquam.com|Ap #470-3520 Ligula. Road|Duis dignissim
16260614 4968|Kalia|Rice|diam|1-370-996-9129|eget.massa@Maecenasliberoest.edu|Ap #387-3280 Pharetra, Rd.|arcu. Aliquam
16871210 8730|Amethyst|Mayo|nisi|1-495-788-1479|sed.leo.Cras@massaMaurisvestibulum.org|2701 Dolor. Ave|vitae purus
16170516 5486|Willow|Holt|nisl|1-461-739-1300|a@nibhPhasellusnulla.com|Ap #186-2541 Nulla Road|nec quam.
16850730 0849|Sylvia|Shields|In|1-827-308-1828|massa.Integer.vitae@nonummyultricies.edu|P.O. Box 314, 1374 Mauris Street|Integer sem
16840518 9914|Jolie|Kaufman|arcu|1-894-264-2577|felis.purus@Pellentesqueultriciesdignissim.net|Ap #688-8253 Non, Street|metus. Aenean
16051006 1872|Laura|Cote|risus|1-620-543-1735|aliquam.enim@noncursusnon.org|8850 Mauris St.|rhoncus. Nullam
16750628 3295|Moses|Stout|lorem,|1-710-421-2195|tincidunt@tacitisociosqu.edu|765-6770 Porttitor Rd.|interdum. Curabitur
16901229 6175|Fatima|Hutchinson|non,|1-677-542-5583|adipiscing.lacus.Ut@et.com|1573 Fusce Ave|ante, iaculis
16480403 9040|Samantha|Buckley|lorem|1-395-609-8416|Curabitur@purusMaecenas.co.uk|Ap #704-9774 Cursus Street|nunc risus
16270103 7646|Amery|Tyler|vehicula.|1-806-135-5465|enim.Sed@vitaeorciPhasellus.co.uk|P.O. Box 579, 2089 Facilisis Rd.|arcu. Nunc
16040411 4837|Cassandra|Montgomery|velit.|1-388-415-7683|ante.ipsum@ataugue.edu|Ap #451-787 Vestibulum. St.|vitae diam.
16560815 6732|Inez|Wilkins|vel,|1-318-166-0037|dictum.mi.ac@maurissapien.net|P.O. Box 205, 2275 Sed Road|Donec fringilla.
16621018 5895|Sigourney|Logan|at,|1-613-230-4669|eu.enim@dictum.edu|Ap #321-7096 Magna Avenue|non, sollicitudin
16000715 5302|Josiah|Whitaker|tortor.|1-202-953-4145|Mauris.quis@Pellentesquetincidunt.net|8921 Sapien, Rd.|egestas hendrerit
16500312 3444|Kane|Nixon|egestas|1-601-608-1217|a.mi.fringilla@quis.org|5655 Amet Rd.|per conubia
16620904 3428|Demetria|Brooks|ac|1-328-542-2049|egestas@nunc.co.uk|1751 Nec, Avenue|tellus. Suspendisse
16121021 9273|Ulysses|Chandler|sed,|1-218-784-2087|vel.nisl@parturientmontes.co.uk|Ap #301-7402 Molestie. Rd.|Donec nibh
16421011 1631|Curran|Oneal|ut|1-909-504-3832|Sed@imperdietullamcorper.co.uk|Ap #338-7220 Fusce Av.|elit, pretium
16160302 8109|Lana|Underwood|aliquet.|1-245-746-9348|ornare@neccursusa.org|484-7722 Vestibulum St.|dui. Cum
16190815 8874|Hanna|Kelly|ac,|1-169-427-4881|lacinia.vitae.sodales@consectetuer.ca|1263 Orci Av.|Integer tincidunt
16660610 1654|Kenneth|Dale|sagittis|1-659-544-5686|rutrum.lorem@Fuscealiquam.ca|Ap #564-8753 Sem Rd.|enim. Curabitur
16411224 2773|Isadora|Graves|leo|1-930-326-6854|sociis.natoque@tinciduntnequevitae.co.uk|8790 Integer Avenue|ullamcorper. Duis
16520928 3778|Yetta|Goodwin|nonummy|1-639-455-5445|adipiscing.elit.Curabitur@massa.edu|353-2674 Rutrum, Rd.|dolor. Nulla
16540804 7099|Alan|Mcleod|lectus|1-534-489-4268|habitant.morbi@placerat.com|299-3155 Lobortis Rd.|Suspendisse sed
16120409 3049|Ishmael|Moran|Curabitur|1-799-861-9255|tellus.Nunc.lectus@ipsumPhasellusvitae.com|P.O. Box 902, 8374 Molestie Rd.|condimentum eget,
16100302 4013|Maggie|Stanley|ridiculus|1-748-904-3224|enim.Curabitur.massa@PhasellusnullaInteger.edu|381-8596 Neque St.|Quisque imperdiet,
16840715 3678|Casey|Rich|lorem,|1-597-497-1500|Integer@nisisemsemper.com|663 Ligula Rd.|In scelerisque
16950927 1608|Emily|Carpenter|dictum|1-323-764-8840|dignissim.pharetra.Nam@arcu.org|7723 Vivamus Av.|ac risus.
16360806 3685|Arsenio|Sheppard|erat|1-884-713-7319|interdum.Nunc.sollicitudin@Suspendissesed.ca|616-6165 Eget Street|sit amet
16580316 8904|Judah|Dale|pede|1-441-197-5262|Aenean@dis.ca|1908 Tincidunt. Rd.|sodales nisi
16751009 0363|Hiroko|Herring|sem|1-460-958-7581|risus@etrutrumnon.co.uk|Ap #122-6338 Amet, St.|adipiscing lacus.
16700614 8477|Jackson|Moody|Aliquam|1-433-894-7065|eu.placerat@nonhendreritid.org|771-8333 Scelerisque Rd.|diam eu
16350317 7085|Cairo|Oneill|mus.|1-324-507-6276|mi.pede@IntegermollisInteger.net|8805 Magna. Avenue|augue porttitor
16800523 4755|Nichole|Winters|Fusce|1-606-507-4358|volutpat.Nulla@bibendum.ca|P.O. Box 487, 6949 Cursus St.|diam luctus
16601212 0686|Oleg|Carrillo|porttitor|1-716-499-1956|sapien.gravida.non@sagittis.ca|4920 Leo. Rd.|lorem, luctus
16680526 0392|Velma|Burns|molestie|1-907-318-3916|fermentum.arcu@cursusin.org|941-304 Mollis Avenue|eget odio.
16130510 6070|Aristotle|Kim|cursus|1-504-697-0020|nec.orci@Mauris.edu|2714 Magna, St.|lectus justo
16801115 3825|Philip|Larson|mi|1-870-782-8674|dui.Suspendisse@justosit.com|978-8391 Massa Rd.|Nullam velit
16001026 3093|Charlotte|Fox|vitae,|1-658-905-7327|a.scelerisque@adipiscing.ca|405 Sit St.|vitae, sodales
16520430 2292|Ferris|Marks|egestas|1-222-667-8056|Nulla.facilisi.Sed@pedesagittisaugue.org|P.O. Box 507, 4425 Porttitor St.|tellus. Suspendisse